isbn,url
9780369700513,https://www.kobo.com/us/en/ebook/wild-trail-4
9780369700759,https://www.kobo.com/us/en/ebook/captive-star-10
9780369700582,https://www.kobo.com/us/en/search?query=9780369700582
9780369700605,https://www.kobo.com/us/en/ebook/home-on-apple-blossom-road-3
9780369700056,https://www.kobo.com/us/en/ebook/at-home-in-stone-creek-rancher-s-wild-secret
9780369700667,https://www.kobo.com/us/en/ebook/a-new-hope-10
9780369700025,https://www.kobo.com/us/en/ebook/sawyer-cowboy-above-the-law
9780369700810,https://www.kobo.com/us/en/ebook/holiday-mountain-rescue-1
9780369700827,https://www.kobo.com/us/en/ebook/christmas-mountain-protector-1
9780369700636,https://www.kobo.com/us/en/ebook/204-rosewood-lane-7
9780369700537,https://www.kobo.com/us/en/ebook/four-brides
9780369700506,https://www.kobo.com/us/en/ebook/game-changers-collection
9780369700612,https://www.kobo.com/us/en/ebook/when-lightning-strikes-27
9780369700100,https://www.kobo.com/us/en/ebook/forgiven-57
9780369700834,https://www.kobo.com/us/en/ebook/her-holiday-mountain-mission-1
9780369701053,https://www.kobo.com/us/en/ebook/the-house-guests-1
9780369700254,https://www.kobo.com/us/en/ebook/a-country-christmas-15
9780369700674,https://www.kobo.com/us/en/ebook/starting-over-on-blackberry-lane-4
9780369700742,https://www.kobo.com/us/en/ebook/hidden-star-10
9780369701558,https://www.kobo.com/us/en/ebook/night-study-3
9780369700049,https://www.kobo.com/us/en/ebook/fever-pitch-her-homecoming-wish
9780369700896,https://www.kobo.com/us/en/ebook/the-girl-from-the-channel-islands
9780369701275,https://www.kobo.com/us/en/ebook/fighting-dirty-13
9780369700735,https://www.kobo.com/us/en/ebook/a-wish-for-home
9780369701541,https://www.kobo.com/us/en/ebook/sacred-evil-6
9780369700353,https://www.kobo.com/us/en/ebook/montana-secrets-7
9780369700209,https://www.kobo.com/us/en/ebook/a-wild-river-retreat
9780369700766,https://www.kobo.com/us/en/ebook/secret-star-9
9780369701404,https://www.kobo.com/us/en/ebook/summer-at-willow-lake-8
9780369700278,https://www.kobo.com/us/en/ebook/search-and-recover-1
9780369700292,https://www.kobo.com/us/en/ebook/hideaway-31
9780369700070,https://www.kobo.com/us/en/ebook/the-vicar-and-the-rake
9780369700841,https://www.kobo.com/us/en/ebook/yuletide-mountain-pursuit-1
9780369701046,https://www.kobo.com/us/en/ebook/the-secret-keeper-of-jaipur
9780369700117,https://www.kobo.com/us/en/ebook/unforgotten-19
9780369700186,https://www.kobo.com/us/en/ebook/an-alaskan-wedding-3
9780369701152,https://www.kobo.com/us/en/ebook/a-good-old-fashioned-cowboy
9780369700247,https://www.kobo.com/us/en/ebook/amish-beginnings
9780369700650,https://www.kobo.com/us/en/ebook/this-is-what-happened-7
9780369700551,https://www.kobo.com/us/en/ebook/16-lighthouse-road-7
9780369701831,https://www.kobo.com/us/en/ebook/crooked-shadows
9780369700940,https://www.kobo.com/us/en/ebook/a-love-like-this-11
9780369700711,https://www.kobo.com/us/en/ebook/blackberry-summer-7
9780369701190,https://www.kobo.com/us/en/ebook/unfinished-business-166
9780369701787,https://www.kobo.com/us/en/ebook/their-frontier-family-the-baby-bequest
9780369700063,https://www.kobo.com/us/en/ebook/his-second-chance-family-katie-s-redemption
9780369700230,https://www.kobo.com/us/en/ebook/country-christmas-magic
9780369701077,https://www.kobo.com/us/en/ebook/when-i-found-you-7
9780369700094,https://www.kobo.com/us/en/ebook/protective-instinct-9
9780369700773,https://www.kobo.com/us/en/ebook/montana-mountain-deadlock-1
9780369702142,https://www.kobo.com/us/en/ebook/the-german-wife
9780369700414,https://www.kobo.com/us/en/search?query=9780369700414
9780369700421,https://www.kobo.com/us/en/search?query=9780369700421
9780369701886,https://www.kobo.com/us/en/search?query=9780369701886
9780369700629,https://www.kobo.com/us/en/search?query=9780369700629
9780369700476,https://www.kobo.com/us/en/search?query=9780369700476
9780369700520,https://www.kobo.com/us/en/ebook/big-bad-wolf-collection
9780369700162,https://www.kobo.com/us/en/ebook/the-witch-king-1
9780369700216,https://www.kobo.com/us/en/search?query=9780369700216
9780369701367,https://www.kobo.com/us/en/search?query=9780369701367
9780369702067,https://www.kobo.com/us/en/search?query=9780369702067
9780369701503,https://www.kobo.com/us/en/search?query=9780369701503
9780369701633,https://www.kobo.com/us/en/search?query=9780369701633
9780369700681,https://www.kobo.com/us/en/ebook/the-jade-temptress-4
9780369700469,https://www.kobo.com/us/en/search?query=9780369700469
9780369701138,https://www.kobo.com/us/en/search?query=9780369701138
9780369700599,https://www.kobo.com/us/en/search?query=9780369700599
9780369701572,https://www.kobo.com/us/en/search?query=9780369701572
9780369700018,https://www.kobo.com/us/en/ebook/the-possibility-of-life
9780369701251,https://www.kobo.com/us/en/ebook/friends-first-7
9780369700698,https://www.kobo.com/us/en/search?query=9780369700698
9780369700391,https://www.kobo.com/us/en/search?query=9780369700391&__cf_chl_rt_tk=I96JMJDNd24q8PCIn4lVqqWm9PsLylWyrRvpTmwGFX0-1722697351-0.0.1.1-6633
9780369701084,https://www.kobo.com/us/en/search?query=9780369701084
9780369701169,https://www.kobo.com/us/en/ebook/talk-bookish-to-me
9780369700223,https://www.kobo.com/us/en/ebook/a-christmas-change-of-heart
9780369701879,https://www.kobo.com/us/en/ebook/lush-money-2
9780369702012,https://www.kobo.com/us/en/ebook/mountain-rescue-9
9780369701817,https://www.kobo.com/us/en/ebook/all-fired-up-28
9780369700803,https://www.kobo.com/us/en/ebook/deadly-mountain-pursuit-1
9780369701220,https://www.kobo.com/us/en/ebook/big-sky-mountain-4
9780369701374,https://www.kobo.com/us/en/ebook/fire-study-9
9780369701497,https://www.kobo.com/us/en/ebook/the-reasons-for-marriage-7
9780369701510,https://www.kobo.com/us/en/ebook/when-snow-falls-6
9780369700926,https://www.kobo.com/us/en/ebook/here-to-stay-20
9780369700384,https://www.kobo.com/us/en/ebook/nowhere-to-hide-52
9780369700728,https://www.kobo.com/us/en/ebook/the-lotus-palace-3
9780369700858,https://www.kobo.com/us/en/ebook/her-secret-seduction
9780369702203,https://www.kobo.com/us/en/ebook/the-amish-marriage-bargain-and-finding-her-amish-love
9780369701947,https://www.kobo.com/us/en/ebook/a-season-of-love-somebody-s-santa
9780369700971,https://www.kobo.com/us/en/ebook/sunset-on-moonlight-beach
9780369701619,https://www.kobo.com/us/en/ebook/dockside-7
9780369701336,https://www.kobo.com/us/en/ebook/only-mine-12
9780369702159,https://www.kobo.com/us/en/ebook/here-for-the-drama
9780369700490,https://www.kobo.com/us/en/ebook/not-dead-yet-collection
9780369701015,https://www.kobo.com/us/en/ebook/the-stepsisters
9780369700889,https://www.kobo.com/us/en/ebook/finding-her-hero
9780369701596,https://www.kobo.com/us/en/ebook/harbor-lights-7
9780369700438,https://www.kobo.com/us/en/ebook/unfinished-business-157
9780369702265,https://www.kobo.com/us/en/ebook/d-a-tale-of-two-worlds-1
9780369700346,https://www.kobo.com/us/en/ebook/informed-risk-5
9780369701411,https://www.kobo.com/us/en/ebook/saint-s-gate-7
9780369701954,https://www.kobo.com/us/en/ebook/a-texas-christmas-wish-the-doctor-s-christmas-wish
9780369701589,https://www.kobo.com/us/en/ebook/cold-hearts-16
9780369701008,https://www.kobo.com/us/en/ebook/the-broken-tower-3
9780369702197,https://www.kobo.com/us/en/ebook/the-audrey-hepburn-estate
9780369701992,https://www.kobo.com/us/en/ebook/operation-k-9-brothers
9780369701183,https://www.kobo.com/us/en/ebook/behaving-like-adults-3
9780369702210,https://www.kobo.com/us/en/ebook/the-amish-widower-s-twins-and-the-amish-bachelor-s-choice
9780369702289,https://www.kobo.com/us/en/ebook/american-fairytale-2
9780369700872,https://www.kobo.com/us/en/ebook/lone-star-promises-1
9780369701930,https://www.kobo.com/us/en/ebook/yuletide-baby-and-a-husband-for-christmas
9780369702258,https://www.kobo.com/us/en/ebook/small-town-big-reads
9780369701145,https://www.kobo.com/us/en/ebook/the-funny-thing-about-norman-foreman-3
9780369701299,https://www.kobo.com/us/en/ebook/finding-perfect-9
9780369701107,https://www.kobo.com/us/en/ebook/smile-and-look-pretty
9780369702661,https://www.kobo.com/us/en/ebook/covert-6
9780369702395,https://www.kobo.com/us/en/ebook/devoured-27
9780369702128,https://www.kobo.com/us/en/ebook/the-liz-taylor-ring
9780369701978,https://www.kobo.com/us/en/ebook/the-secret-ingredient-40
9780369701435,https://www.kobo.com/us/en/ebook/44-cranberry-point-8
9780369702449,https://www.kobo.com/us/en/ebook/our-little-secret-34
9780369702333,https://www.kobo.com/us/en/ebook/masquerade-176
9780369702708,https://www.kobo.com/us/en/ebook/mountain-guardians-a-k9-collection
9780369701961,https://www.kobo.com/us/en/ebook/the-christmas-child-and-gift-wrapped-family
9780369702432,https://www.kobo.com/us/en/ebook/the-player-50
9780369702043,https://www.kobo.com/us/en/ebook/the-gathering-table-3
9780369702036,https://www.kobo.com/us/en/ebook/rising-danger
9780369702555,https://www.kobo.com/us/en/ebook/harlequin-dare-may-2021-box-set
9780369701688,https://www.kobo.com/us/en/ebook/lovely-wild-6
9780369701398,https://www.kobo.com/us/en/ebook/wildest-dreams-28
9780369701442,https://www.kobo.com/us/en/ebook/shadow-study-4
9780369701763,https://www.kobo.com/us/en/ebook/wolf-creek-father-wooing-the-schoolmarm
9780369702456,https://www.kobo.com/us/en/ebook/harlequin-dare-march-2021-box-set
9780369702791,https://www.kobo.com/us/en/ebook/last-resort-tactical-crime-division-collection
9780369702616,https://www.kobo.com/us/en/ebook/whatever-happens-in-texas
9780369703019,https://www.kobo.com/us/en/ebook/hold-me-cowboy-black-tie-billionaire
9780369701701,https://www.kobo.com/us/en/ebook/three-christmas-wishes-6
9780369702173,https://www.kobo.com/us/en/ebook/the-winter-garden-14
9780369702586,https://www.kobo.com/us/en/ebook/fast-lane-13
9780369701923,https://www.kobo.com/us/en/ebook/with-christmas-in-his-heart-the-forest-ranger-s-christmas-1
9780369701794,https://www.kobo.com/us/en/ebook/the-cowboy-tutor-the-cowboy-comes-home
9780369701770,https://www.kobo.com/us/en/ebook/his-most-suitable-bride-and-the-marshal-meets-his-match
9780369701862,https://www.kobo.com/us/en/ebook/imitate-the-dawn
9780369702074,https://www.kobo.com/us/en/ebook/summer-at-stallion-ridge
9780369702630,https://www.kobo.com/us/en/ebook/teddy-spenser-isn-t-looking-for-love
9780369702388,https://www.kobo.com/us/en/ebook/have-me-4
9780369702852,https://www.kobo.com/us/en/ebook/the-keeper-of-night
9780369702524,https://www.kobo.com/us/en/ebook/hold-me-26
9780369702678,https://www.kobo.com/us/en/ebook/lifeline-40
9780369702487,https://www.kobo.com/us/en/ebook/bring-the-heat-7
9780369702340,https://www.kobo.com/us/en/ebook/dating-the-rebel
9780369702906,https://www.kobo.com/us/en/ebook/the-sign-of-the-raven-1
9780369702234,https://www.kobo.com/us/en/ebook/an-unlikely-amish-match-and-an-amish-arrangement
9780369703033,https://www.kobo.com/us/en/ebook/dancing-in-the-moonlight-always-the-best-man
9780369702104,https://www.kobo.com/us/en/ebook/the-last-daughter-of-york
9780369702180,https://www.kobo.com/us/en/ebook/the-lipstick-bureau
9780369703057,https://www.kobo.com/us/en/ebook/out-of-the-darkness-marching-orders
9780369703583,https://www.kobo.com/us/en/ebook/foolish-hearts-6
9780369702005,https://www.kobo.com/us/en/ebook/keeping-guard-4
9780369702081,https://www.kobo.com/us/en/ebook/summer-at-the-cape
9780369702562,https://www.kobo.com/us/en/ebook/just-one-more-night-5
9780369702111,https://www.kobo.com/us/en/ebook/the-bookseller-s-secret-1
9780369703477,https://www.kobo.com/us/en/ebook/dangerous-amish-inheritance-and-hidden-in-amish-country
9780369702494,https://www.kobo.com/us/en/ebook/enemies-with-benefits-8
9780369702500,https://www.kobo.com/us/en/ebook/harlequin-dare-april-2021-box-set
9780369702944,https://www.kobo.com/us/en/ebook/wild-about-harry-stone-cold-surrender
9780369703163,https://www.kobo.com/us/en/ebook/humanity-is-trying
9780369703521,https://www.kobo.com/us/en/ebook/a-carolina-christmas
9780369703538,https://www.kobo.com/us/en/ebook/springtime-in-carolina
9780369702784,https://www.kobo.com/us/en/ebook/forged-of-steele-collection
9780369702166,https://www.kobo.com/us/en/ebook/the-weekend-retreat-1
9780369703231,https://www.kobo.com/us/en/ebook/the-unintended-groom-the-bride-wore-spurs
9780369703590,https://www.kobo.com/us/en/ebook/love-blooms-7
9780369702517,https://www.kobo.com/us/en/ebook/with-the-lights-on-1
9780369702531,https://www.kobo.com/us/en/ebook/give-me-more-13
9780369702609,https://www.kobo.com/us/en/ebook/harlequin-dare-june-2021-box-set
9780369702807,https://www.kobo.com/us/en/ebook/the-right-side-of-reckless
9780369703118,https://www.kobo.com/us/en/ebook/it-takes-a-thief-16
9780369703453,https://www.kobo.com/us/en/ebook/a-little-christmas-spirit
9780369703873,https://www.kobo.com/us/en/ebook/to-protect-his-own-3
9780369703859,https://www.kobo.com/us/en/ebook/holidays-in-blue
9780369703064,https://www.kobo.com/us/en/ebook/love-plain-admirer
9780369702937,https://www.kobo.com/us/en/ebook/bingeworthy-bundle
9780369702968,https://www.kobo.com/us/en/ebook/take-me-cowboy-the-billionaire-s-bargain
9780369703972,https://www.kobo.com/us/en/ebook/for-keeps-27
9780369702838,https://www.kobo.com/us/en/ebook/kneel-5
9780369703071,https://www.kobo.com/us/en/ebook/an-impossible-promise
9780369703187,https://www.kobo.com/us/en/ebook/groom-wanted-a-texas-made-match
9780369702746,https://www.kobo.com/us/en/ebook/the-darkest-court-complete-collection
9780369703880,https://www.kobo.com/us/en/ebook/simply-irresistible-22
9780369703729,https://www.kobo.com/us/en/ebook/ruthless-97
9780369703545,https://www.kobo.com/us/en/ebook/new-girl-in-little-cove-2
9780369703835,https://www.kobo.com/us/en/ebook/sailor-proof
9780369702692,https://www.kobo.com/us/en/ebook/final-deposit-4
9780369702814,https://www.kobo.com/us/en/ebook/the-demon-tide
9780369703088,https://www.kobo.com/us/en/ebook/the-unknown-27
9780369702999,https://www.kobo.com/us/en/ebook/the-last-noel-secret-surrogate
9780369703620,https://www.kobo.com/us/en/ebook/first-kiss-at-christmas
9780369702975,https://www.kobo.com/us/en/ebook/best-kept-secrets-second-chance-cowboy
9780369704368,https://www.kobo.com/us/en/ebook/hero-in-her-heart-4
9780369703576,https://www.kobo.com/us/en/ebook/wildflower-season
9780369702913,https://www.kobo.com/us/en/ebook/thrilling-reads-bundle
9780369704139,https://www.kobo.com/us/en/ebook/finding-her-way-and-the-bull-rider-s-secret
9780369704665,https://www.kobo.com/us/en/ebook/widow-s-secrets
9780369704818,https://www.kobo.com/us/en/ebook/proper-scoundrels
9780369702623,https://www.kobo.com/us/en/ebook/slow-dance-at-rose-bend
9780369703606,https://www.kobo.com/us/en/ebook/the-wildest-ride-1
9780369702425,https://www.kobo.com/us/en/ebook/the-love-cure-1
9780369703774,https://www.kobo.com/us/en/ebook/secrets-she-kept-2
9780369703569,https://www.kobo.com/us/en/ebook/home-to-the-harbor
9780369703668,https://www.kobo.com/us/en/ebook/the-summer-getaway-1
9780369702876,https://www.kobo.com/us/en/ebook/you-can-go-your-own-way
9780369704207,https://www.kobo.com/us/en/ebook/protecting-her-daughter-and-under-the-lawman-s-protection
9780369703255,https://www.kobo.com/us/en/ebook/home-for-a-hero-4
9780369702883,https://www.kobo.com/us/en/ebook/best-laid-plans-80
9780369703484,https://www.kobo.com/us/en/ebook/amish-country-kidnapping-and-amish-country-undercover
9780369703897,https://www.kobo.com/us/en/ebook/too-close-to-home-29
9780369703798,https://www.kobo.com/us/en/ebook/her-hot-pursuit-1
9780369704092,https://www.kobo.com/us/en/ebook/gabe-and-taking-the-boss-to-bed
9780369703781,https://www.kobo.com/us/en/ebook/claiming-her-ground
9780369703811,https://www.kobo.com/us/en/ebook/before-summer-ends-a-little-bit-pregnant-1
9780369704276,https://www.kobo.com/us/en/ebook/deadly-mountain-trap
9780369703347,https://www.kobo.com/us/en/ebook/his-double-baby-bonus
9780369703507,https://www.kobo.com/us/en/ebook/a-carolina-promise
9780369704610,https://www.kobo.com/us/en/ebook/going-public-15
9780369703026,https://www.kobo.com/us/en/ebook/not-at-eight-darling-the-soldier-and-the-single-mom
9780369704085,https://www.kobo.com/us/en/ebook/christmas-cover-up-and-her-mistletoe-protector
9780369704603,https://www.kobo.com/us/en/ebook/hard-sell-12
9780369703125,https://www.kobo.com/us/en/ebook/between-two-thieves-3
9780369703262,https://www.kobo.com/us/en/ebook/a-ranch-called-home-4
9780369705310,https://www.kobo.com/us/en/ebook/the-return-of-rafe-mackade-6
9780369703934,https://www.kobo.com/us/en/ebook/sweet-surrender-69
9780369703439,https://www.kobo.com/us/en/ebook/the-perfect-christmas-21
9780369704801,https://www.kobo.com/us/en/ebook/knit-purl-a-baby-and-a-girl
9780369703415,https://www.kobo.com/us/en/ebook/a-country-affair-8
9780369704108,https://www.kobo.com/us/en/ebook/corralled-and-stockyard-snatching
9780369704559,https://www.kobo.com/us/en/ebook/a-thunder-canyon-christmas-2
9780369704917,https://www.kobo.com/us/en/ebook/big-sky-wedding-4
9780369704351,https://www.kobo.com/us/en/ebook/the-amish-innkeeper-s-secret-2
9780369703712,https://www.kobo.com/us/en/ebook/forever-in-honeymoon-harbor
9780369703422,https://www.kobo.com/us/en/ebook/keep-me-warm-at-christmas
9780369703446,https://www.kobo.com/us/en/ebook/trashlands
9780369704634,https://www.kobo.com/us/en/ebook/the-marshal-s-unexpected-bride
9780369704009,https://www.kobo.com/us/en/ebook/seek-the-truth
9780369703330,https://www.kobo.com/us/en/ebook/the-bull-rider-s-unexpected-family
9780369704313,https://www.kobo.com/us/en/ebook/passion-flower-12
9780369703613,https://www.kobo.com/us/en/ebook/mistletoe-season
9780369704757,https://www.kobo.com/us/en/ebook/trapped-at-the-summit
9780369704023,https://www.kobo.com/us/en/ebook/stampeded-and-stone-cold-christmas-ranger
9780369704269,https://www.kobo.com/us/en/ebook/hidden-on-the-mountain
9780369704856,https://www.kobo.com/us/en/ebook/where-i-left-her
9780369703491,https://www.kobo.com/us/en/ebook/second-chance-on-the-chesapeake
9780369703217,https://www.kobo.com/us/en/ebook/winning-over-the-wrangler-falling-for-the-rancher-father
9780369704924,https://www.kobo.com/us/en/ebook/big-sky-secrets-4
9780369703460,https://www.kobo.com/us/en/ebook/when-we-were-friends-2
9780369703385,https://www.kobo.com/us/en/ebook/sisters-of-the-great-war
9780369704306,https://www.kobo.com/us/en/ebook/the-bravest-voices
9780369703392,https://www.kobo.com/us/en/ebook/pug-actually
9780369705020,https://www.kobo.com/us/en/ebook/harbor-island-7
9780369704184,https://www.kobo.com/us/en/ebook/wrangled-and-delivering-justice
9780369705471,https://www.kobo.com/us/en/ebook/chasing-danger-2
9780369704597,https://www.kobo.com/us/en/ebook/a-dog-named-boo-8
9780369703767,https://www.kobo.com/us/en/ebook/home-sweet-christmas-2
9780369703354,https://www.kobo.com/us/en/ebook/suddenly-a-father-4
9780369704719,https://www.kobo.com/us/en/ebook/grave-secrets-15
9780369704870,https://www.kobo.com/us/en/ebook/wild-wicked-scot-5
9780369704245,https://www.kobo.com/us/en/ebook/target-on-the-mountain
9780369705730,https://www.kobo.com/us/en/ebook/dancing-in-the-moonlight-22
9780369705327,https://www.kobo.com/us/en/ebook/the-pride-of-jared-mackade-6
9780369704979,https://www.kobo.com/us/en/ebook/what-happens-in-suburbia
9780369704627,https://www.kobo.com/us/en/ebook/a-father-s-redemption
9780369703989,https://www.kobo.com/us/en/ebook/no-reason-to-trust
9780369704283,https://www.kobo.com/us/en/ebook/big-sky-river-5
9780369704320,https://www.kobo.com/us/en/ebook/frontier-secrets
9780369704726,https://www.kobo.com/us/en/ebook/peril-at-the-peak
9780369704030,https://www.kobo.com/us/en/ebook/honor-s-promise-and-dade
9780369705389,https://www.kobo.com/us/en/ebook/her-cowboy-s-twin-blessings-and-the-cowboy-s-twin-surprise
9780369704221,https://www.kobo.com/us/en/ebook/alaskan-mountain-pursuit
9780369703965,https://www.kobo.com/us/en/ebook/breaking-his-rules-6
9780369704504,https://www.kobo.com/us/en/ebook/a-woman-like-annie-3
9780369704375,https://www.kobo.com/us/en/ebook/christmas-homecoming-secrets
9780369705051,https://www.kobo.com/us/en/ebook/keeper-s-reach-5
9780369705990,https://www.kobo.com/us/en/ebook/the-rough-rider
9780369703927,https://www.kobo.com/us/en/ebook/one-more-night-26
9780369704016,https://www.kobo.com/us/en/ebook/follow-her-heart-2
9780369704641,https://www.kobo.com/us/en/ebook/wagon-train-wedding-1
9780369703637,https://www.kobo.com/us/en/ebook/when-sparks-fly-17
9780369705440,https://www.kobo.com/us/en/ebook/the-last-straw-15
9780369704405,https://www.kobo.com/us/en/ebook/saddle-up-21
9780369705747,https://www.kobo.com/us/en/ebook/king-s-ransom-28
9780369704863,https://www.kobo.com/us/en/ebook/second-chance-242
9780369704900,https://www.kobo.com/us/en/ebook/hard-hearted-highlander-4
9780369704696,https://www.kobo.com/us/en/ebook/justice-overdue
9780369705198,https://www.kobo.com/us/en/ebook/saving-max-6
9780369704290,https://www.kobo.com/us/en/ebook/big-sky-summer-4
9780369704795,https://www.kobo.com/us/en/ebook/the-widows-of-champagne
9780369704115,https://www.kobo.com/us/en/ebook/king-s-ransom-and-nate
9780369704382,https://www.kobo.com/us/en/ebook/high-stakes-holiday-reunion-3
9780369704689,https://www.kobo.com/us/en/ebook/danger-next-door-2
9780369704832,https://www.kobo.com/us/en/ebook/radar-girls
9780369704962,https://www.kobo.com/us/en/ebook/happily-ever-after-all
9780369705396,https://www.kobo.com/us/en/ebook/the-rancher-s-legacy-and-the-texan-s-secret-daughter
9780369705464,https://www.kobo.com/us/en/ebook/my-darling-husband
9780369704450,https://www.kobo.com/us/en/ebook/conceal-3
9780369705426,https://www.kobo.com/us/en/ebook/dirty-plays
9780369704177,https://www.kobo.com/us/en/ebook/riley-and-lone-star-lovers
9780369704214,https://www.kobo.com/us/en/ebook/jordan-and-his-secretary-s-surprise-fiance
9780369704566,https://www.kobo.com/us/en/ebook/silver-in-the-mist
9780369705624,https://www.kobo.com/us/en/ebook/the-kindred-11
9780369704764,https://www.kobo.com/us/en/ebook/wildfire-threat
9780369705518,https://www.kobo.com/us/en/ebook/the-accused-23
9780369704047,https://www.kobo.com/us/en/ebook/stern-and-playing-with-desire
9780369705709,https://www.kobo.com/us/en/ebook/night-heat-17
9780369705617,https://www.kobo.com/us/en/ebook/this-is-why-we-lie
9780369705914,https://www.kobo.com/us/en/ebook/her-holiday-family-and-the-sheriff-s-christmas-twins
9780369705655,https://www.kobo.com/us/en/ebook/you-truly-assumed
9780369705525,https://www.kobo.com/us/en/ebook/the-betrayed-32
9780369705556,https://www.kobo.com/us/en/ebook/race-against-time-23
9780369705013,https://www.kobo.com/us/en/ebook/the-mckettrick-way-and-a-baby-and-a-betrothal
9780369706195,https://www.kobo.com/us/en/ebook/suspicious-a-hero-of-her-own
9780369705549,https://www.kobo.com/us/en/ebook/true-blue-k-9-unit-collection-vol-1
9780369705150,https://www.kobo.com/us/en/ebook/92-pacific-boulevard-10
9780369704252,https://www.kobo.com/us/en/ebook/dangerous-mountain-mission
9780369705303,https://www.kobo.com/us/en/ebook/the-truth-according-to-ginny-moon
9780369705877,https://www.kobo.com/us/en/ebook/the-amish-nurse-s-suitor-and-the-nanny-s-amish-family
9780369704849,https://www.kobo.com/us/en/ebook/the-forbidden-31
9780369705341,https://www.kobo.com/us/en/ebook/the-fall-of-shane-mackade-6
9780369705570,https://www.kobo.com/us/en/ebook/goddess-with-a-blade-vol-1
9780369705075,https://www.kobo.com/us/en/ebook/hold-me-close-22
9780369704894,https://www.kobo.com/us/en/ebook/snow-angel-cove-8
9780369705129,https://www.kobo.com/us/en/ebook/thunder-point-collection-volume-3
9780369704740,https://www.kobo.com/us/en/ebook/surviving-the-storm-17
9780369705044,https://www.kobo.com/us/en/search?query=9780369705044
9780369704955,https://www.kobo.com/us/en/ebook/did-someone-say-fiancee
9780369705822,https://www.kobo.com/us/en/ebook/april-in-spain
9780369705419,https://www.kobo.com/us/en/ebook/come-midnight
9780369705969,https://www.kobo.com/us/en/ebook/merry-christmas-cowboy-8
9780369706409,https://www.kobo.com/us/en/ebook/the-rancher-s-baby-surprise-and-the-cowboy-s-unexpected-baby
9780369705662,https://www.kobo.com/us/en/ebook/a-forgery-of-roses
9780369706362,https://www.kobo.com/us/en/ebook/the-viscount-who-vexed-me-2
9780369705587,https://www.kobo.com/us/en/ebook/goddess-with-a-blade-vol-2
9780369706829,https://www.kobo.com/us/en/ebook/the-innocent-carrying-his-legacy
9780369705686,https://www.kobo.com/us/en/ebook/this-cursed-crown
9780369706690,https://www.kobo.com/us/en/ebook/montana-mail-order-bride-1
9780369705761,https://www.kobo.com/us/en/ebook/suspicious-15
9780369704948,https://www.kobo.com/us/en/ebook/confessions-of-a-one-night-stand
9780369705532,https://www.kobo.com/us/en/ebook/stolen-identity-21
9780369706003,https://www.kobo.com/us/en/ebook/mountain-guardian
9780369705006,https://www.kobo.com/us/en/ebook/a-cold-creek-secret-and-a-brevia-beginning
9780369705211,https://www.kobo.com/us/en/ebook/1022-evergreen-place-9
9780369706478,https://www.kobo.com/us/en/ebook/the-cowboy-s-watch
9780369706249,https://www.kobo.com/us/en/ebook/a-promise-of-forgiveness
9780369705402,https://www.kobo.com/us/en/ebook/a-brambleberry-summer
9780369707307,https://www.kobo.com/us/en/ebook/harlequin-presents-november-2021-box-set-2-of-2
9780369706928,https://www.kobo.com/us/en/ebook/the-secret-behind-the-greek-s-return
9780369707079,https://www.kobo.com/us/en/ebook/beauty-in-the-billionaire-s-bed
9780369706027,https://www.kobo.com/us/en/ebook/the-holiday-heartbreaker
9780369706874,https://www.kobo.com/us/en/ebook/my-forbidden-royal-fling
9780369706607,https://www.kobo.com/us/en/ebook/his-texas-christmas-gift-1
9780369706973,https://www.kobo.com/us/en/ebook/the-flaw-in-his-red-hot-revenge
9780369707000,https://www.kobo.com/us/en/ebook/harlequin-presents-august-2021-box-set-2-of-2
9780369706256,https://www.kobo.com/us/en/ebook/claiming-her-legacy
9780369706980,https://www.kobo.com/us/en/ebook/off-limits-to-the-crown-prince
9780369706492,https://www.kobo.com/us/en/ebook/colorado-christmas-magic
9780369705884,https://www.kobo.com/us/en/ebook/the-lost-and-found-girl-3
9780369706720,https://www.kobo.com/us/en/ebook/the-rancher-s-want-ad-mix-up
9780369706621,https://www.kobo.com/us/en/ebook/taking-on-twins-12
9780369706058,https://www.kobo.com/us/en/ebook/an-honest-lie
9780369705983,https://www.kobo.com/us/en/ebook/one-little-spark-2
9780369705259,https://www.kobo.com/us/en/ebook/the-lester-family-trilogy
9780369706133,https://www.kobo.com/us/en/ebook/long-tall-texans-donavan-emmett
9780369706126,https://www.kobo.com/us/en/ebook/nanny-dearest-4
9780369706454,https://www.kobo.com/us/en/ebook/tempting-the-rancher-1
9780369707185,https://www.kobo.com/us/en/ebook/redeemed-by-his-new-york-cinderella
9780369706751,https://www.kobo.com/us/en/ebook/the-engagement-bargain-and-cowboy-seeks-a-bride
9780369706911,https://www.kobo.com/us/en/ebook/married-for-one-reason-only
9780369706652,https://www.kobo.com/us/en/ebook/the-amish-christmas-secret-and-the-amish-widow-s-christmas-hope-1
9780369705860,https://www.kobo.com/us/en/ebook/a-summer-amish-courtship-and-amish-reckoning
9780369705976,https://www.kobo.com/us/en/ebook/cowboy-wild-2
9780369706683,https://www.kobo.com/us/en/ebook/an-unlikely-duchess-3
9780369705693,https://www.kobo.com/us/en/ebook/night-moves-83
9780369705945,https://www.kobo.com/us/en/ebook/the-texan-s-inherited-family-and-a-home-for-his-family
9780369706119,https://www.kobo.com/us/en/ebook/forever-home-17
9780369705846,https://www.kobo.com/us/en/ebook/beyond-temptation-13
9780369707024,https://www.kobo.com/us/en/ebook/a-consequence-made-in-greece
9780369706744,https://www.kobo.com/us/en/ebook/big-sky-cowboy-and-big-sky-daddy
9780369706348,https://www.kobo.com/us/en/ebook/the-duke-not-taken-1
9780369706331,https://www.kobo.com/us/en/ebook/pets-of-park-avenue
9780369706713,https://www.kobo.com/us/en/ebook/the-major-s-family-mission
9780369706942,https://www.kobo.com/us/en/ebook/claiming-his-cinderella-secretary
9780369706218,https://www.kobo.com/us/en/ebook/duty-or-desire-single-man-meets-single-mom
9780369706430,https://www.kobo.com/us/en/ebook/rancher-to-the-rescue-and-a-cowboy-in-shepherd-s-crossing
9780369706386,https://www.kobo.com/us/en/ebook/an-inconvenient-earl-1
9780369706225,https://www.kobo.com/us/en/ebook/familiar-stranger-collecting-evidence
9780369706232,https://www.kobo.com/us/en/ebook/tactical-crime-division-traverse-city-collection
9780369706881,https://www.kobo.com/us/en/ebook/invitation-from-the-venetian-billionaire
9780369706560,https://www.kobo.com/us/en/ebook/it-s-one-of-us
9780369706317,https://www.kobo.com/us/en/ebook/the-dachshund-wears-prada
9780369706591,https://www.kobo.com/us/en/ebook/suddenly-a-family-3
9780369706812,https://www.kobo.com/us/en/ebook/nine-months-to-claim-her
9780369707345,https://www.kobo.com/us/en/ebook/the-christmas-she-married-the-playboy
9780369707642,https://www.kobo.com/us/en/ebook/consequences-of-their-wedding-charade
9780369706966,https://www.kobo.com/us/en/ebook/from-one-night-to-desert-queen
9780369706898,https://www.kobo.com/us/en/ebook/harlequin-presents-july-2021-box-set-1-of-2
9780369708564,https://www.kobo.com/us/en/ebook/harlequin-desire-february-2022-box-set-2-of-2
9780369707123,https://www.kobo.com/us/en/ebook/crowned-for-his-desert-twins
9780369706188,https://www.kobo.com/us/en/ebook/stallion-tamer-wyoming-cowboy-justice
9780369706799,https://www.kobo.com/us/en/ebook/snowed-in-for-christmas-9
9780369705907,https://www.kobo.com/us/en/ebook/from-boss-to-bridegroom-and-family-of-her-dreams
9780369707574,https://www.kobo.com/us/en/ebook/claiming-his-virgin-princess
9780369707710,https://www.kobo.com/us/en/ebook/innocent-in-the-sicilian-s-palazzo
9780369707321,https://www.kobo.com/us/en/ebook/the-greek-secret-she-carries
9780369707482,https://www.kobo.com/us/en/ebook/the-rules-of-their-red-hot-reunion
9780369706164,https://www.kobo.com/us/en/ebook/hide-in-plain-sight-amish-rescue-1
9780369708106,https://www.kobo.com/us/en/ebook/secrets-of-a-one-night-stand
9780369707260,https://www.kobo.com/us/en/ebook/confessions-of-his-christmas-housekeeper
9780369706768,https://www.kobo.com/us/en/ebook/a-carolina-valentine
9780369707154,https://www.kobo.com/us/en/ebook/proof-of-their-one-hot-night
9780369707994,https://www.kobo.com/us/en/ebook/harlequin-presents-april-2022-box-set-1-of-2
9780369706904,https://www.kobo.com/us/en/ebook/harlequin-presents-july-2021-box-set-2-of-2
9780369707161,https://www.kobo.com/us/en/ebook/how-to-tempt-the-off-limits-billionaire
9780369707420,https://www.kobo.com/us/en/ebook/pregnant-by-the-wrong-prince
9780369706805,https://www.kobo.com/us/en/ebook/the-island-villa-2
9780369708953,https://www.kobo.com/us/en/ebook/harlequin-desire-july-2022-box-set-1-of-2
9780369707178,https://www.kobo.com/us/en/ebook/the-italian-s-bride-on-paper
9780369706201,https://www.kobo.com/us/en/ebook/a-soldier-s-return-engaged-to-the-single-mom
9780369707116,https://www.kobo.com/us/en/ebook/her-best-kept-royal-secret
9780369707277,https://www.kobo.com/us/en/ebook/unwrapped-by-her-italian-boss
9780369707697,https://www.kobo.com/us/en/ebook/penniless-and-pregnant-in-paradise
9780369707772,https://www.kobo.com/us/en/ebook/harlequin-presents-march-2022-box-set-1-of-2
9780369707680,https://www.kobo.com/us/en/ebook/a-deal-for-the-tycoon-s-diamonds
9780369708519,https://www.kobo.com/us/en/ebook/a-song-of-secrets-1
9780369708182,https://www.kobo.com/us/en/ebook/bidding-on-a-texan
9780369707130,https://www.kobo.com/us/en/ebook/forbidden-to-her-spanish-boss
9780369707819,https://www.kobo.com/us/en/ebook/cinderella-s-invitation-to-greece
9780369708090,https://www.kobo.com/us/en/ebook/how-to-catch-a-bad-boy
9780369706836,https://www.kobo.com/us/en/ebook/secrets-of-cinderella-s-awakening
9780369707871,https://www.kobo.com/us/en/ebook/harlequin-presents-may-2022-box-set-1-of-2
9780369707925,https://www.kobo.com/us/en/ebook/stolen-from-her-royal-wedding
9780369707512,https://www.kobo.com/us/en/ebook/promoted-to-the-greek-s-wife
9780369707543,https://www.kobo.com/us/en/ebook/his-secretly-pregnant-cinderella
9780369708175,https://www.kobo.com/us/en/ebook/rancher-s-christmas-storm
9780369707659,https://www.kobo.com/us/en/ebook/the-billionaire-s-last-minute-marriage
9780369708830,https://www.kobo.com/us/en/ebook/rocky-mountain-rivals
9780369708434,https://www.kobo.com/us/en/ebook/the-perfect-fake-date
9780369707550,https://www.kobo.com/us/en/ebook/forbidden-nights-in-barcelona
9780369707734,https://www.kobo.com/us/en/ebook/cinderella-for-the-miami-playboy
9780369708045,https://www.kobo.com/us/en/ebook/who-s-the-boss-now-1
9780369707796,https://www.kobo.com/us/en/ebook/the-heirs-his-housekeeper-carried
9780369708663,https://www.kobo.com/us/en/ebook/the-rancher-s-reckoning
9780369708229,https://www.kobo.com/us/en/ebook/what-happens-at-christmas-10
9780369708410,https://www.kobo.com/us/en/ebook/married-by-contract-1
9780369707239,https://www.kobo.com/us/en/ebook/pregnant-after-one-forbidden-night
9780369708144,https://www.kobo.com/us/en/ebook/best-laid-wedding-plans-1
9780369708151,https://www.kobo.com/us/en/ebook/harlequin-desire-september-2021-box-set-1-of-2
9780369708137,https://www.kobo.com/us/en/ebook/ways-to-tempt-the-boss
9780369708885,https://www.kobo.com/us/en/ebook/harlequin-desire-june-2022-box-set-2-of-2
9780369708823,https://www.kobo.com/us/en/ebook/the-secret-heir-returns
9780369707284,https://www.kobo.com/us/en/ebook/the-billionaire-s-proposition-in-paris
9780369707031,https://www.kobo.com/us/en/ebook/nine-months-to-tame-the-tycoon
9780369707468,https://www.kobo.com/us/en/ebook/vows-on-the-virgin-s-terms
9780369707987,https://www.kobo.com/us/en/ebook/harlequin-presents-june-2022-box-set-2-of-2
9780369708076,https://www.kobo.com/us/en/ebook/harlequin-desire-august-2021-box-set-1-of-2
9780369708526,https://www.kobo.com/us/en/ebook/midnight-son-5
9780369707758,https://www.kobo.com/us/en/ebook/snowbound-with-his-forbidden-princess
9780369707901,https://www.kobo.com/us/en/ebook/the-billionaire-s-one-night-baby
9780369707857,https://www.kobo.com/us/en/ebook/one-night-with-her-forgotten-husband
9780369707789,https://www.kobo.com/us/en/ebook/harlequin-presents-march-2022-box-set-2-of-2
9780369707598,https://www.kobo.com/us/en/ebook/harlequin-presents-february-2022-box-set-1-of-2
9780369708069,https://www.kobo.com/us/en/ebook/promises-from-a-playboy
9780369708380,https://www.kobo.com/us/en/ebook/backstage-benefits
9780369708601,https://www.kobo.com/us/en/ebook/ever-after-exes
9780369707444,https://www.kobo.com/us/en/ebook/returning-for-his-unknown-son
9780369707390,https://www.kobo.com/us/en/ebook/harlequin-presents-december-2021-box-set-1-of-2
9780369707505,https://www.kobo.com/us/en/ebook/harlequin-presents-january-2022-box-set-2-of-2
9780369707192,https://www.kobo.com/us/en/ebook/harlequin-presents-october-2021-box-set-1-of-2
9780369707840,https://www.kobo.com/us/en/ebook/banished-prince-to-desert-boss
9780369707918,https://www.kobo.com/us/en/ebook/maid-for-the-greek-s-ring
9780369708793,https://www.kobo.com/us/en/ebook/harlequin-desire-may-2022-box-set-1-of-2
9780369708502,https://www.kobo.com/us/en/ebook/from-feuding-to-falling
9780369707895,https://www.kobo.com/us/en/ebook/a-vow-to-claim-his-hidden-son
9780369708373,https://www.kobo.com/us/en/ebook/inconvenient-attraction
9780369707727,https://www.kobo.com/us/en/ebook/revealing-her-nine-month-secret
9780369708120,https://www.kobo.com/us/en/ebook/the-fake-engagement-favor
9780369707949,https://www.kobo.com/us/en/ebook/reclaiming-his-ruined-princess
9780369708595,https://www.kobo.com/us/en/ebook/husband-in-name-only-3
9780369707932,https://www.kobo.com/us/en/ebook/the-secret-she-kept-in-bollywood
9780369709912,https://www.kobo.com/us/en/ebook/harlequin-intrigue-february-2022-box-set-1-of-2
9780369708199,https://www.kobo.com/us/en/ebook/the-ex-upstairs
9780369709233,https://www.kobo.com/us/en/ebook/texas-baby-conspiracy
9780369708014,https://www.kobo.com/us/en/ebook/trapped-with-the-texan
9780369708489,https://www.kobo.com/us/en/ebook/harlequin-desire-january-2022-box-set-2-of-2
9780369709103,https://www.kobo.com/us/en/ebook/an-absence-of-motive
9780369708366,https://www.kobo.com/us/en/ebook/holiday-playbook
9780369707451,https://www.kobo.com/us/en/ebook/one-snowbound-new-year-s-night
9780369709134,https://www.kobo.com/us/en/ebook/tracing-a-kidnapper
9780369708328,https://www.kobo.com/us/en/ebook/harlequin-desire-november-2021-box-set-2-of-2
9780369708083,https://www.kobo.com/us/en/ebook/harlequin-desire-august-2021-box-2-of-2
9780369708694,https://www.kobo.com/us/en/ebook/playing-by-the-marriage-rules
9780369708441,https://www.kobo.com/us/en/ebook/return-of-the-rancher-1
9780369708915,https://www.kobo.com/us/en/ebook/after-hours-temptation
9780369709752,https://www.kobo.com/us/en/ebook/sniffing-out-danger
9780369708809,https://www.kobo.com/us/en/ebook/harlequin-desire-may-2022-box-set-2-of-2
9780369708656,https://www.kobo.com/us/en/ebook/what-happens-on-vacation
9780369709141,https://www.kobo.com/us/en/ebook/surviving-the-truth-2
9780369709899,https://www.kobo.com/us/en/ebook/harlequin-intrigue-june-2022-box-set-1-of-2
9780369708618,https://www.kobo.com/us/en/ebook/one-night-consequence
9780369708557,https://www.kobo.com/us/en/ebook/harlequin-desire-february-2022-box-set-1-of-2
9780369708168,https://www.kobo.com/us/en/ebook/harlequin-desire-september-2021-box-set-2-of-2
9780369708540,https://www.kobo.com/us/en/ebook/the-problem-with-playboys
9780369708236,https://www.kobo.com/us/en/ebook/harlequin-desire-october-2021-box-set-1-of-2
9780369709363,https://www.kobo.com/us/en/ebook/harlequin-intrigue-november-2021-box-set-2-of-2
9780369708717,https://www.kobo.com/us/en/ebook/harlequin-desire-april-2022-box-set-1-of-2
9780369708625,https://www.kobo.com/us/en/ebook/the-wedding-dare
9780369709189,https://www.kobo.com/us/en/ebook/dead-in-the-water-69
9780369709059,https://www.kobo.com/us/en/ebook/cold-case-at-cardwell-ranch
9780369709318,https://www.kobo.com/us/en/ebook/rogue-christmas-operation
9780369708762,https://www.kobo.com/us/en/ebook/one-night-expectations
9780369709936,https://www.kobo.com/us/en/ebook/intimate-seduction-4
9780369709110,https://www.kobo.com/us/en/ebook/harlequin-intrigue-august-2021-box-set-1-of-2
9780369709578,https://www.kobo.com/us/en/ebook/john-doe-cold-case
9780369710406,https://www.kobo.com/us/en/ebook/harlequin-special-edition-november-2021-box-set-2-of-2
9780369709653,https://www.kobo.com/us/en/ebook/harlequin-intrigue-march-2022-box-set-1-of-2
9780369709561,https://www.kobo.com/us/en/ebook/an-operative-s-last-stand
9780369708533,https://www.kobo.com/us/en/ebook/million-dollar-mix-up
9780369709684,https://www.kobo.com/us/en/ebook/decoy-training
9780369708786,https://www.kobo.com/us/en/ebook/secrets-of-a-wedding-crasher
9780369708212,https://www.kobo.com/us/en/ebook/a-very-intimate-takeover
9780369708571,https://www.kobo.com/us/en/ebook/the-rebel-s-return-11
9780369710123,https://www.kobo.com/us/en/ebook/their-texas-triplets
9780369709608,https://www.kobo.com/us/en/ebook/held-hostage-at-whiskey-gulch
9780369709479,https://www.kobo.com/us/en/ebook/cowboy-in-the-crosshairs-1
9780369708670,https://www.kobo.com/us/en/ebook/wrong-brother-right-kiss
9780369709585,https://www.kobo.com/us/en/ebook/resolute-justice
9780369709073,https://www.kobo.com/us/en/ebook/a-stranger-on-her-doorstep
9780369708755,https://www.kobo.com/us/en/ebook/montana-legacy-4
9780369709783,https://www.kobo.com/us/en/ebook/to-catch-a-killer-18
9780369709691,https://www.kobo.com/us/en/ebook/setup-at-whiskey-gulch
9780369709868,https://www.kobo.com/us/en/ebook/undercover-rescue
9780369709387,https://www.kobo.com/us/en/ebook/conard-county-christmas-bodyguard
9780369708977,https://www.kobo.com/us/en/ebook/safeguarding-the-surrogate
9780369709639,https://www.kobo.com/us/en/ebook/dead-giveaway-26
9780369708342,https://www.kobo.com/us/en/ebook/how-to-handle-a-heartbreaker-3
9780369710857,https://www.kobo.com/us/en/ebook/a-ranch-to-come-home-to
9780369710000,https://www.kobo.com/us/en/ebook/the-reunion-112
9780369709394,https://www.kobo.com/us/en/ebook/texas-abduction
9780369710024,https://www.kobo.com/us/en/ebook/the-rancher-s-summer-secret
9780369708878,https://www.kobo.com/us/en/ebook/harlequin-desire-june-2022-box-set-1-of-2
9780369708496,https://www.kobo.com/us/en/ebook/rancher-s-forgotten-rival
9780369710055,https://www.kobo.com/us/en/ebook/the-night-that-changed-everything-4
9780369708465,https://www.kobo.com/us/en/ebook/tall-dark-and-off-limits
9780369708984,https://www.kobo.com/us/en/ebook/the-trap-59
9780369708854,https://www.kobo.com/us/en/ebook/million-dollar-consequences
9780369710178,https://www.kobo.com/us/en/ebook/the-most-eligible-cowboy
9780369710345,https://www.kobo.com/us/en/ebook/a-kiss-at-the-mistletoe-rodeo
9780369709066,https://www.kobo.com/us/en/ebook/decoding-a-criminal
9780369709448,https://www.kobo.com/us/en/ebook/harlequin-intrigue-december-2021-box-set-2-of-2
9780369710963,https://www.kobo.com/us/en/ebook/harlequin-special-edition-june-2022-box-set-2-of-2
9780369709417,https://www.kobo.com/us/en/ebook/alaskan-christmas-escape
9780369709509,https://www.kobo.com/us/en/ebook/chasing-the-violet-killer
9780369710192,https://www.kobo.com/us/en/ebook/the-puppy-problem-2
9780369709127,https://www.kobo.com/us/en/ebook/harlequin-intrigue-august-2021-box-set-2-of-2
9780369709707,https://www.kobo.com/us/en/ebook/grizzly-creek-standoff
9780369709042,https://www.kobo.com/us/en/ebook/harlequin-intrigue-july-2021-box-set-2-of-2
9780369709882,https://www.kobo.com/us/en/ebook/the-heart-shaped-murders
9780369709028,https://www.kobo.com/us/en/ebook/cold-case-true-crime
9780369709851,https://www.kobo.com/us/en/ebook/newlywed-assignment
9780369709493,https://www.kobo.com/us/en/ebook/little-girl-gone-12
9780369710468,https://www.kobo.com/us/en/ebook/moonlight-menorahs-and-mistletoe
9780369709462,https://www.kobo.com/us/en/ebook/disappearance-at-dakota-ridge
9780369709677,https://www.kobo.com/us/en/ebook/murder-gone-cold
9780369709769,https://www.kobo.com/us/en/ebook/undercover-couple
9780369709837,https://www.kobo.com/us/en/ebook/sticking-to-her-guns
9780369709264,https://www.kobo.com/us/en/ebook/christmas-data-breach
9780369709288,https://www.kobo.com/us/en/ebook/harlequin-intrigue-october-2021-box-set-2-of-2
9780369709172,https://www.kobo.com/us/en/ebook/missing-at-christmas
9780369709424,https://www.kobo.com/us/en/ebook/bayou-christmas-disappearance
9780369709530,https://www.kobo.com/us/en/ebook/murder-on-prescott-mountain
9780369710499,https://www.kobo.com/us/en/ebook/their-new-year-s-beginning
9780369709820,https://www.kobo.com/us/en/ebook/harlequin-intrigue-may-2022-box-set-2-of-2
9780369709295,https://www.kobo.com/us/en/ebook/texas-stalker
9780369709271,https://www.kobo.com/us/en/ebook/harlequin-intrigue-october-2021-box-set-1-of-2
9780369709240,https://www.kobo.com/us/en/ebook/kentucky-crime-ring
9780369710215,https://www.kobo.com/us/en/ebook/last-chance-marriage-rescue
9780369710352,https://www.kobo.com/us/en/ebook/twelve-dates-of-christmas-6
9780369710437,https://www.kobo.com/us/en/ebook/merry-christmas-baby-15
9780369709776,https://www.kobo.com/us/en/ebook/dodging-bullets-in-blue-valley
9780369711182,https://www.kobo.com/us/en/ebook/a-blues-singer-to-redeem-him
9780369710208,https://www.kobo.com/us/en/ebook/a-delicious-dilemma
9780369711373,https://www.kobo.com/us/en/ebook/the-duke-s-counterfeit-wife
9780369710338,https://www.kobo.com/us/en/ebook/the-father-of-her-sons
9780369708960,https://www.kobo.com/us/en/ebook/harlequin-desire-july-2022-box-set-2-of-2
9780369711151,https://www.kobo.com/us/en/ebook/marriage-deal-with-the-devilish-duke
9780369709219,https://www.kobo.com/us/en/ebook/trapping-a-terrorist
9780369710048,https://www.kobo.com/us/en/ebook/not-their-first-rodeo
9780369710420,https://www.kobo.com/us/en/ebook/sleigh-ride-with-the-rancher-3
9780369709905,https://www.kobo.com/us/en/ebook/harlequin-intrigue-june-2022-box-set-2-of-2
9780369710635,https://www.kobo.com/us/en/ebook/harlequin-special-edition-february-2022-box-set-1-of-2
9780369710475,https://www.kobo.com/us/en/ebook/harlequin-special-edition-december-2021-box-set-1-of-2
9780369710222,https://www.kobo.com/us/en/ebook/the-family-she-didn-t-expect
9780369710130,https://www.kobo.com/us/en/ebook/their-rancher-protector
9780369709967,https://www.kobo.com/us/en/ebook/strangers-in-paradise-11
9780369710147,https://www.kobo.com/us/en/ebook/accidental-homecoming
9780369710031,https://www.kobo.com/us/en/ebook/the-major-gets-it-right
9780369710727,https://www.kobo.com/us/en/ebook/harlequin-special-edition-march-2022-box-set-2-of-2
9780369710062,https://www.kobo.com/us/en/ebook/the-sergeant-s-matchmaking-dog
9780369711014,https://www.kobo.com/us/en/ebook/a-marriage-made-in-secret
9780369709592,https://www.kobo.com/us/en/ebook/conard-county-mistaken-identity
9780369711267,https://www.kobo.com/us/en/ebook/the-knight-s-maiden-in-disguise
9780369710246,https://www.kobo.com/us/en/ebook/harlequin-special-edition-september-2021-box-set-2-of-2
9780369710321,https://www.kobo.com/us/en/ebook/harlequin-special-edition-october-2021-box-set-2-of-2
9780369710697,https://www.kobo.com/us/en/ebook/the-hero-next-door-7
9780369710260,https://www.kobo.com/us/en/ebook/grand-prize-cowboy
9780369710949,https://www.kobo.com/us/en/ebook/love-off-the-leash
9780369710680,https://www.kobo.com/us/en/ebook/the-wrangler-rides-again
9780369709738,https://www.kobo.com/us/en/ebook/harlequin-intrigue-april-2022-box-set-1-of-2
9780369710161,https://www.kobo.com/us/en/ebook/harlequin-special-edition-august-2021-box-set-2-of-2
9780369710826,https://www.kobo.com/us/en/ebook/a-fortune-in-the-family
9780369710666,https://www.kobo.com/us/en/ebook/first-comes-baby-10
9780369710505,https://www.kobo.com/us/en/ebook/her-hometown-man
9780369710482,https://www.kobo.com/us/en/ebook/harlequin-special-edition-december-2021-box-set-2-of-2
9780369711038,https://www.kobo.com/us/en/ebook/harlequin-historical-july-2021-box-set-1-of-2
9780369711083,https://www.kobo.com/us/en/ebook/captivating-the-cynical-earl
9780369710444,https://www.kobo.com/us/en/ebook/their-texas-christmas-gift
9780369710567,https://www.kobo.com/us/en/ebook/harlequin-special-edition-january-2022-box-set-2-of-2
9780369710376,https://www.kobo.com/us/en/ebook/the-best-man-in-texas-8
9780369710413,https://www.kobo.com/us/en/ebook/dreaming-of-a-christmas-cowboy
9780369711144,https://www.kobo.com/us/en/ebook/a-scandal-at-midnight
9780369711342,https://www.kobo.com/us/en/ebook/a-nun-for-the-viking-warrior
9780369711533,https://www.kobo.com/us/en/ebook/the-highlander-s-substitute-wife
9780369710390,https://www.kobo.com/us/en/ebook/harlequin-special-edition-november-2021-box-set-1-of-2
9780369710734,https://www.kobo.com/us/en/ebook/cinderella-next-door
9780369710710,https://www.kobo.com/us/en/ebook/harlequin-special-edition-march-2022-box-set-1-of-2
9780369710314,https://www.kobo.com/us/en/ebook/harlequin-special-edition-october-2021-box-set-1-of-2
9780369710109,https://www.kobo.com/us/en/ebook/the-horse-trainer-s-secret
9780369710741,https://www.kobo.com/us/en/ebook/heir-to-the-ranch
9780369711137,https://www.kobo.com/us/en/ebook/lady-olivia-s-forbidden-protector
9780369711007,https://www.kobo.com/us/en/ebook/a-cinderella-for-the-viscount
9780369711762,https://www.kobo.com/us/en/ebook/harlequin-historical-april-2022-box-set-2-of-2
9780369711076,https://www.kobo.com/us/en/ebook/falling-for-his-practical-wife
9780369710833,https://www.kobo.com/us/en/ebook/second-chance-summer-21
9780369711472,https://www.kobo.com/us/en/ebook/falling-for-the-scandalous-lady
9780369711816,https://www.kobo.com/us/en/ebook/a-dance-to-save-the-debutante
9780369710901,https://www.kobo.com/us/en/ebook/bloom-where-you-re-planted-6
9780369711731,https://www.kobo.com/us/en/ebook/conveniently-wed-to-a-spy
9780369712011,https://www.kobo.com/us/en/ebook/the-princess-and-the-pediatrician
9780369711397,https://www.kobo.com/us/en/ebook/snow-kissed-proposals
9780369710628,https://www.kobo.com/us/en/ebook/the-marine-s-reluctant-return
9780369711069,https://www.kobo.com/us/en/ebook/playing-the-duke-s-fiancee
9780369711366,https://www.kobo.com/us/en/ebook/harlequin-historical-november-2021-box-set-2-of-2
9780369710956,https://www.kobo.com/us/en/ebook/harlequin-special-edition-june-2022-box-set-1-of-2
9780369711748,https://www.kobo.com/us/en/ebook/the-knight-s-tempting-ally
9780369712189,https://www.kobo.com/us/en/ebook/falling-for-his-runaway-nurse
9780369711489,https://www.kobo.com/us/en/ebook/to-catch-a-runaway-bride
9780369711564,https://www.kobo.com/us/en/ebook/the-return-of-her-long-lost-husband
9780369712646,https://www.kobo.com/us/en/ebook/harlequin-medical-romance-march-2022-box-set-2-of-2
9780369711878,https://www.kobo.com/us/en/ebook/the-laird-s-runaway-wife
9780369711106,https://www.kobo.com/us/en/ebook/the-housekeeper-of-thornhallow-hall
9780369711052,https://www.kobo.com/us/en/ebook/the-highlander-s-inconvenient-bride
9780369710925,https://www.kobo.com/us/en/ebook/a-starlight-summer
9780369711090,https://www.kobo.com/us/en/ebook/enthralled-by-her-enemy-s-kiss
9780369710932,https://www.kobo.com/us/en/ebook/the-little-matchmaker-3
9780369711021,https://www.kobo.com/us/en/ebook/the-return-of-her-lost-knight
9780369711281,https://www.kobo.com/us/en/ebook/harlequin-historical-october-2021-box-set-2-of-2
9780369711991,https://www.kobo.com/us/en/ebook/harlequin-medical-romance-july-2021-box-set-1-of-2
9780369711229,https://www.kobo.com/us/en/ebook/how-not-to-chaperon-a-lady
9780369711717,https://www.kobo.com/us/en/ebook/winning-back-his-duchess
9780369712073,https://www.kobo.com/us/en/ebook/harlequin-medical-romance-august-2021-box-set-1-of-2
9780369710888,https://www.kobo.com/us/en/ebook/harlequin-special-edition-may-2022-box-set-2-of-2
9780369711304,https://www.kobo.com/us/en/ebook/lord-tresham-s-tempting-rival
9780369712202,https://www.kobo.com/us/en/ebook/the-doctor-s-reunion-to-remember
9780369712042,https://www.kobo.com/us/en/ebook/taming-the-hot-shot-doc
9780369711557,https://www.kobo.com/us/en/ebook/the-duke-s-rebellious-lady
9780369711236,https://www.kobo.com/us/en/ebook/lord-grantwell-s-christmas-wish
9780369711526,https://www.kobo.com/us/en/ebook/harlequin-historical-january-2022-box-set-2-of-2
9780369710802,https://www.kobo.com/us/en/ebook/harlequin-special-edition-april-2022-box-set-2-of-2
9780369711946,https://www.kobo.com/us/en/ebook/caribbean-paradise-miracle-family
9780369711724,https://www.kobo.com/us/en/ebook/the-marquess-meets-his-match
9780369711694,https://www.kobo.com/us/en/ebook/the-highlander-s-stolen-bride-4
9780369711205,https://www.kobo.com/us/en/ebook/harlequin-historical-september-2021-box-set-2-of-2
9780369711588,https://www.kobo.com/us/en/ebook/the-heiress-and-the-baby-boom
9780369711922,https://www.kobo.com/us/en/ebook/harlequin-historical-june-2022-box-set-2-of-2
9780369712820,https://www.kobo.com/us/en/ebook/a-family-to-save-the-doctor-s-heart
9780369712455,https://www.kobo.com/us/en/ebook/from-florida-fling-to-forever
9780369712370,https://www.kobo.com/us/en/ebook/white-christmas-with-her-millionaire-doc
9780369712141,https://www.kobo.com/us/en/ebook/tempted-by-her-convenient-husband
9780369711755,https://www.kobo.com/us/en/ebook/harlequin-historical-april-2022-box-set-1-of-2
9780369711779,https://www.kobo.com/us/en/ebook/the-iron-warrior-returns
9780369712059,https://www.kobo.com/us/en/ebook/a-single-dad-to-rescue-her
9780369712479,https://www.kobo.com/us/en/ebook/harlequin-medical-romance-january-2022-box-set-1-of-2
9780369711601,https://www.kobo.com/us/en/ebook/harlequin-historical-february-2022-box-set-2-of-2
9780369711977,https://www.kobo.com/us/en/ebook/falling-for-the-brooding-doc
9780369711618,https://www.kobo.com/us/en/ebook/the-highlander-s-tactical-marriage
9780369712301,https://www.kobo.com/us/en/ebook/from-best-friends-to-i-do
9780369712066,https://www.kobo.com/us/en/ebook/falling-for-the-billionaire-doc
9780369711885,https://www.kobo.com/us/en/ebook/the-return-of-his-promised-duchess
9780369711649,https://www.kobo.com/us/en/ebook/inherited-as-the-gentleman-s-bride
9780369711915,https://www.kobo.com/us/en/ebook/harlequin-historical-june-2022-box-set-1-of-2
9780369712707,https://www.kobo.com/us/en/ebook/forbidden-fling-with-dr-right
9780369712578,https://www.kobo.com/us/en/ebook/the-vet-s-unexpected-family
9780369712295,https://www.kobo.com/us/en/ebook/the-nurse-s-christmas-hero
9780369712936,https://www.kobo.com/us/en/ebook/harlequin-romance-august-2021-box-set
9780369712967,https://www.kobo.com/us/en/ebook/the-millionaire-s-melbourne-proposal
9780369712233,https://www.kobo.com/us/en/ebook/harlequin-medical-romance-october-2021-box-set-1-of-2
9780369712035,https://www.kobo.com/us/en/ebook/island-fling-with-the-surgeon
9780369712776,https://www.kobo.com/us/en/ebook/a-gp-to-steal-his-heart
9780369712417,https://www.kobo.com/us/en/ebook/new-year-kiss-with-his-cinderella
9780369712332,https://www.kobo.com/us/en/ebook/winter-nights-with-the-single-dad
9780369712158,https://www.kobo.com/us/en/ebook/harlequin-medical-romance-september-2021-box-set-1-of-2
9780369712592,https://www.kobo.com/us/en/ebook/one-night-with-the-sicilian-surgeon
9780369712622,https://www.kobo.com/us/en/ebook/falling-for-her-off-limits-boss
9780369711335,https://www.kobo.com/us/en/ebook/the-viscount-s-christmas-proposal
9780369711847,https://www.kobo.com/us/en/ebook/harlequin-historical-may-2022-box-set-2-of-2
9780369712349,https://www.kobo.com/us/en/ebook/a-festive-fling-in-stockholm
9780369713735,https://www.kobo.com/us/en/ebook/operation-whistleblower
9780369711410,https://www.kobo.com/us/en/ebook/the-knight-s-convenient-alliance
9780369712721,https://www.kobo.com/us/en/ebook/harlequin-medical-romance-april-2022-box-set-2-of-2
9780369712929,https://www.kobo.com/us/en/ebook/falling-for-the-sardinian-baron
9780369711984,https://www.kobo.com/us/en/ebook/the-paramedic-s-secret-son
9780369711939,https://www.kobo.com/us/en/ebook/how-to-win-the-surgeon-s-heart
9780369712554,https://www.kobo.com/us/en/ebook/harlequin-medical-romance-february-2022-box-set-1-of-2
9780369713292,https://www.kobo.com/us/en/ebook/their-second-chance-miracle
9780369712219,https://www.kobo.com/us/en/ebook/reawakened-at-the-south-pole
9780369712561,https://www.kobo.com/us/en/ebook/harlequin-medical-romance-febraury-2022-box-set-2-of-2
9780369713384,https://www.kobo.com/us/en/ebook/harlequin-romance-may-2022-box-set
9780369711809,https://www.kobo.com/us/en/ebook/the-duke-s-forbidden-ward
9780369712271,https://www.kobo.com/us/en/ebook/a-gift-to-change-his-life
9780369713117,https://www.kobo.com/us/en/ebook/christmas-with-his-cinderella
9780369712844,https://www.kobo.com/us/en/ebook/the-midwife-from-his-past
9780369712127,https://www.kobo.com/us/en/ebook/baby-miracle-for-the-er-doc
9780369713162,https://www.kobo.com/us/en/ebook/the-secret-casseveti-baby
9780369712998,https://www.kobo.com/us/en/ebook/indonesian-date-with-the-single-dad
9780369712448,https://www.kobo.com/us/en/ebook/taking-a-chance-on-the-best-man
9780369712387,https://www.kobo.com/us/en/ebook/a-gp-worth-staying-for
9780369712134,https://www.kobo.com/us/en/ebook/hawaiian-medic-to-rescue-his-heart
9780369712172,https://www.kobo.com/us/en/ebook/starting-over-with-the-single-dad
9780369712103,https://www.kobo.com/us/en/ebook/healing-her-brooding-island-hero
9780369713261,https://www.kobo.com/us/en/ebook/one-week-in-venice-with-the-ceo
9780369713131,https://www.kobo.com/us/en/ebook/harlequin-romance-december-2021-box-set
9780369712950,https://www.kobo.com/us/en/ebook/falling-for-her-convenient-groom
9780369712226,https://www.kobo.com/us/en/ebook/reunited-by-her-twin-revelation
9780369713025,https://www.kobo.com/us/en/ebook/cinderella-and-the-brooding-billionaire
9780369712097,https://www.kobo.com/us/en/ebook/unlocking-the-doctor-s-secrets
9780369713728,https://www.kobo.com/us/en/ebook/uncovering-colton-s-family-secret
9780369713391,https://www.kobo.com/us/en/ebook/second-chance-with-his-princess
9780369713209,https://www.kobo.com/us/en/ebook/a-proposal-in-provence
9780369713353,https://www.kobo.com/us/en/ebook/cinderella-and-the-vicomte
9780369712837,https://www.kobo.com/us/en/ebook/the-doctor-she-should-resist
9780369713759,https://www.kobo.com/us/en/ebook/harlequin-romantic-suspense-november-2021-box-set
9780369713698,https://www.kobo.com/us/en/ebook/harlequin-romantic-suspense-october-2021-box-set
9780369712899,https://www.kobo.com/us/en/ebook/surprise-reunion-with-his-cinderella
9780369713322,https://www.kobo.com/us/en/ebook/finding-forever-on-their-island-paradise
9780369712868,https://www.kobo.com/us/en/ebook/the-vet-s-unexpected-houseguest
9780369712851,https://www.kobo.com/us/en/ebook/surgeon-s-second-chance-in-florence
9780369712608,https://www.kobo.com/us/en/ebook/from-the-night-shift-to-forever
9780369713742,https://www.kobo.com/us/en/ebook/under-the-rancher-s-protection
9780369713285,https://www.kobo.com/us/en/ebook/harlequin-romance-march-2022-box-set
9780369713315,https://www.kobo.com/us/en/ebook/escape-with-her-greek-tycoon
9780369713278,https://www.kobo.com/us/en/ebook/baby-surprise-for-the-millionaire
9780369713070,https://www.kobo.com/us/en/ebook/the-single-dad-s-christmas-proposal
9780369712547,https://www.kobo.com/us/en/ebook/their-marriage-meant-to-be
9780369711953,https://www.kobo.com/us/en/ebook/stolen-nights-with-the-single-dad
9780369712806,https://www.kobo.com/us/en/search?query=9780369712806
9780369713773,https://www.kobo.com/us/en/search?query=9780369713773
9780369713544,https://www.kobo.com/us/en/search?query=9780369713544
9780369713254,https://www.kobo.com/us/en/search?query=9780369713254
9780369712530,https://www.kobo.com/us/en/search?query=9780369712530
9780369713667,https://www.kobo.com/us/en/search?query=9780369713667
9780369714015,https://www.kobo.com/us/en/search?query=9780369714015&__cf_chl_rt_tk=MFJlnIzxX_VlK7sV750mpcFlBxuPjW1iNEg12Rec._M-1722699901-0.0.1.1-5951
9780369712677,https://www.kobo.com/us/en/search?query=9780369712677
9780369713407,https://www.kobo.com/us/en/search?query=9780369713407&__cf_chl_rt_tk=FK3VAN_zAl2lPFm93q6Vu4hUjfDHpTJvDk6r7yS9KQ0-1722699901-0.0.1.1-6335
9780369714206,https://www.kobo.com/us/en/search?query=9780369714206&__cf_chl_rt_tk=WQTphfXpZwkDLLD6JKjYQuKzpnf4KB5wHnk_LQrtg4k-1722699894-0.0.1.1-5567
9780369713513,https://www.kobo.com/us/en/ebook/the-innocent-witness-3
9780369713612,https://www.kobo.com/us/en/search?query=9780369713612
9780369713520,https://www.kobo.com/us/en/ebook/unexpected-goals
9780369714237,https://www.kobo.com/us/en/search?query=9780369714237
9780369713445,https://www.kobo.com/us/en/search?query=9780369713445&__cf_chl_rt_tk=I1WFMV9XQ20trsY88e0iRhdekpSiTyDEEhgN8i7F1MU-1722699894-0.0.1.1-5481
9780369712745,https://www.kobo.com/us/en/search?query=9780369712745&__cf_chl_rt_tk=zJwRWFJw40EPU0AgA0cVLMSXeMSUqpuWxMlbJZqeRYQ-1722699902-0.0.1.1-5652
9780369713681,https://www.kobo.com/us/en/ebook/cold-case-witness-3
9780369713094,https://www.kobo.com/us/en/search?query=9780369713094
9780369713599,https://www.kobo.com/us/en/search?query=9780369713599
9780369713346,https://www.kobo.com/us/en/ebook/the-single-dad-s-italian-invitation
9780369713056,https://www.kobo.com/us/en/ebook/the-billionaire-s-island-reunion
9780369713858,https://www.kobo.com/us/en/search?query=9780369713858
9780369714336,https://www.kobo.com/us/en/ebook/a-cowboy-s-hope
9780369712165,https://www.kobo.com/us/en/ebook/harlequin-medical-romance-september-2021-box-set-2-of-2
9780369713100,https://www.kobo.com/us/en/ebook/reunited-under-the-mistletoe
9780369713124,https://www.kobo.com/us/en/ebook/snowbound-with-the-brooding-billionaire
9780369713438,https://www.kobo.com/us/en/ebook/harlequin-romance-june-2022-box-set
9780369713674,https://www.kobo.com/us/en/ebook/stalked-in-silver-valley
9780369713247,https://www.kobo.com/us/en/ebook/redeemed-by-her-midsummer-kiss
9780369713865,https://www.kobo.com/us/en/ebook/his-to-defend-4
9780369713216,https://www.kobo.com/us/en/ebook/around-the-world-with-the-millionaire
9780369713971,https://www.kobo.com/us/en/ebook/danger-at-clearwater-crossing
9780369714619,https://www.kobo.com/us/en/ebook/her-hometown-hero-7
9780369714152,https://www.kobo.com/us/en/ebook/cold-case-cowboy-3
9780369713537,https://www.kobo.com/us/en/ebook/colton-911-temptation-undercover
9780369714145,https://www.kobo.com/us/en/ebook/cavanaugh-justice-deadly-chase
9780369713001,https://www.kobo.com/us/en/ebook/reclaiming-the-prince-s-heart
9780369713452,https://www.kobo.com/us/en/ebook/bahamas-escape-with-the-best-man
9780369713872,https://www.kobo.com/us/en/ebook/harlequin-romantic-suspense-january-2022-box-set-1-of-2
9780369714220,https://www.kobo.com/us/en/ebook/the-agent-s-deadly-liaison
9780369713087,https://www.kobo.com/us/en/ebook/harlequin-romance-november-2021-box-set
9780369715227,https://www.kobo.com/us/en/ebook/finding-a-christmas-home
9780369713803,https://www.kobo.com/us/en/ebook/matched-with-murder
9780369713193,https://www.kobo.com/us/en/ebook/falling-for-the-baldasseri-prince
9780369714350,https://www.kobo.com/us/en/ebook/harlequin-heartwarming-october-2021-box-set
9780369714053,https://www.kobo.com/us/en/ebook/harlequin-romantic-suspense-april-2022-box-set
9780369712509,https://www.kobo.com/us/en/ebook/risking-it-all-for-a-second-chance
9780369714558,https://www.kobo.com/us/en/ebook/the-wrong-cowboy-5
9780369713483,https://www.kobo.com/us/en/ebook/harlequin-romance-july-2022-box-set
9780369713933,https://www.kobo.com/us/en/ebook/harlequin-romantic-suspense-february-2022-box-set
9780369714732,https://www.kobo.com/us/en/ebook/the-cowboy-s-unlikely-match
9780369714466,https://www.kobo.com/us/en/ebook/trusting-the-rancher-with-christmas
9780369714299,https://www.kobo.com/us/en/ebook/harlequin-heartwarming-august-2021-box-set
9780369714176,https://www.kobo.com/us/en/ebook/harlequin-romantic-suspense-june-2022-box-set
9780369715180,https://www.kobo.com/us/en/ebook/chasing-her-dream-2
9780369713506,https://www.kobo.com/us/en/ebook/taken-250
9780369714022,https://www.kobo.com/us/en/ebook/finding-the-rancher-s-son
9780369715012,https://www.kobo.com/us/en/ebook/tales-from-the-cafe-2
9780369714817,https://www.kobo.com/us/en/ebook/the-mayor-s-baby-surprise
9780369714626,https://www.kobo.com/us/en/ebook/the-sheriff-s-valentine
9780369715241,https://www.kobo.com/us/en/ebook/a-safe-place-for-christmas
9780369714107,https://www.kobo.com/us/en/ebook/guardian-k-9-on-call
9780369715081,https://www.kobo.com/us/en/ebook/courting-his-amish-wife
9780369714510,https://www.kobo.com/us/en/ebook/her-christmastime-family
9780369714657,https://www.kobo.com/us/en/ebook/harlequin-heartwarming-february-2022-box-set
9780369714893,https://www.kobo.com/us/en/ebook/harlequin-heartwarming-june-2022-box-set
9780369714251,https://www.kobo.com/us/en/ebook/building-a-surprise-family
9780369714985,https://www.kobo.com/us/en/ebook/brokedown-cowboy-5
9780369713995,https://www.kobo.com/us/en/ebook/harlequin-romantic-suspense-march-2022-box-set
9780369714770,https://www.kobo.com/us/en/ebook/harlequin-heartwarming-april-2022-box-set
9780369714596,https://www.kobo.com/us/en/ebook/harlequin-heartwarming-january-2022-box-set
9780369713841,https://www.kobo.com/us/en/ebook/proving-colton-s-innocence
9780369714497,https://www.kobo.com/us/en/ebook/snowbound-with-her-mountain-cowboy
9780369713551,https://www.kobo.com/us/en/ebook/first-responders-on-deadly-ground
9780369713568,https://www.kobo.com/us/en/ebook/a-firefighter-s-ultimate-duty
9780369714312,https://www.kobo.com/us/en/ebook/a-cowgirl-s-secret-3
9780369714565,https://www.kobo.com/us/en/ebook/worth-the-risk-69
9780369715043,https://www.kobo.com/us/en/ebook/the-marine-s-mission
9780369714084,https://www.kobo.com/us/en/ebook/cavanaugh-justice-serial-affair
9780369714398,https://www.kobo.com/us/en/ebook/the-texas-seal-s-surprise
9780369714190,https://www.kobo.com/us/en/ebook/colton-countdown
9780369716118,https://www.kobo.com/us/en/ebook/missing-in-the-desert
9780369714039,https://www.kobo.com/us/en/ebook/bodyguard-under-siege
9780369714442,https://www.kobo.com/us/en/ebook/a-secret-christmas-wish
9780369714633,https://www.kobo.com/us/en/ebook/montana-reunion-4
9780369715036,https://www.kobo.com/us/en/ebook/their-surprise-amish-marriage
9780369715456,https://www.kobo.com/us/en/ebook/caring-for-her-amish-family-1
9780369715135,https://www.kobo.com/us/en/ebook/finding-her-courage
9780369714572,https://www.kobo.com/us/en/ebook/a-rancher-s-promise-2
9780369714534,https://www.kobo.com/us/en/ebook/harlequin-heartwarming-december-2021-box-set
9780369714947,https://www.kobo.com/us/en/ebook/the-runaway-rancher
9780369715586,https://www.kobo.com/us/en/ebook/her-easter-prayer
9780369714046,https://www.kobo.com/us/en/ebook/mountain-retreat-murder
9780369714800,https://www.kobo.com/us/en/ebook/hill-country-promise
9780369714374,https://www.kobo.com/us/en/ebook/the-rancher-s-unexpected-twins
9780369715920,https://www.kobo.com/us/en/ebook/love-inspired-april-2022-box-set-1-of-2
9780369714695,https://www.kobo.com/us/en/ebook/to-trust-a-cowboy
9780369714749,https://www.kobo.com/us/en/ebook/the-paramedic-s-forever-family
9780369715494,https://www.kobo.com/us/en/ebook/her-small-town-refuge
9780369715579,https://www.kobo.com/us/en/ebook/the-amish-animal-doctor
9780369715029,https://www.kobo.com/us/en/ebook/an-amish-mother-for-his-twins
9780369714978,https://www.kobo.com/us/en/ebook/part-time-cowboy-5
9780369716071,https://www.kobo.com/us/en/ebook/cold-case-double-cross
9780369714503,https://www.kobo.com/us/en/ebook/his-hometown-yuletide-vow
9780369714589,https://www.kobo.com/us/en/ebook/a-new-year-s-eve-proposal
9780369715692,https://www.kobo.com/us/en/ebook/their-pretend-courtship
9780369715333,https://www.kobo.com/us/en/ebook/her-secret-amish-match
9780369715630,https://www.kobo.com/us/en/ebook/secrets-in-an-amish-garden
9780369714763,https://www.kobo.com/us/en/ebook/their-together-promise
9780369715159,https://www.kobo.com/us/en/ebook/the-cowboy-s-amish-haven
9780369715968,https://www.kobo.com/us/en/ebook/love-inspired-june-2022-box-set-1-of-2
9780369714923,https://www.kobo.com/us/en/ebook/her-cowboy-wedding-date
9780369714879,https://www.kobo.com/us/en/ebook/a-family-for-keeps-2
9780369714701,https://www.kobo.com/us/en/ebook/second-chance-love-14
9780369715425,https://www.kobo.com/us/en/ebook/searching-for-home-8
9780369715326,https://www.kobo.com/us/en/ebook/the-midwife-s-christmas-wish
9780369715852,https://www.kobo.com/us/en/ebook/love-inspired-december-2021-box-set-2-of-2
9780369715685,https://www.kobo.com/us/en/ebook/the-amish-matchmaker-s-choice
9780369715661,https://www.kobo.com/us/en/ebook/a-need-to-protect-1
9780369715371,https://www.kobo.com/us/en/ebook/a-small-town-christmas-challenge
9780369715807,https://www.kobo.com/us/en/ebook/love-inspired-october-2021-box-set-1-of-2
